key,signature,chord_changes

Bb-maj,4/4,||Bb6 G7 |C-7 F7 |Bb G-7 |C-7 F7 |F-7 Bb7 |Eb7 Ab7 |D-7 G7 |C-7 F7 ||

Eb-maj,4/4,||Eb7   |Ab7   |Eb7   |Eb7   |Ab7   |Ab7   |Eb7   |Eb7   |F-7   |Bb7   |Eb7   |Bb7   ||

F-maj,4/4,||Fj7   |Fj7   |G7alt   |G7alt   |G-7   |C7   |Am7b5   |D79b   |G-7   |A79b   |D7   |D79b   |G79b   |G79b   |Gbj7   |Gbj7   ||

Eb-maj,4/4,||F7   |Bb7   |Eb6   |Eb6   |Bb-7   |Eb7   |Abj7   |Abj7   |Ab6   |Db7   |Eb6   |C7   |F7   |F7   |Bb7   |C7   ||

Eb-maj,4/4,||Ab6   |Ab6   |Ab-6   |Ab-6 Db7 |Eb F-7 |G-7 C7 |F-7  Eo7|F-7   |Bb7 Bbo |F-7 Bb7 |Ebj7   |G-7 C-7 |F79   |C-7 F7 |Bb7 Bbsus7 |Bbo7 Bb7Eb+7||

Eb-maj,4/4,B1: ||Ab6   |Ab6   |Ab-6   |Db7   |Ebj7   |G-7 C7 |F-7   |F-7   |Ab-7   |Db7   |Eb C-7 |G-7 C7 |F-7   |Bb7   |Eb7   |Ab7   ||

Db-maj,4/4,||Dbj7   |F-7 Bb7 |Eb7   |Eb7   |Eb-7   |F7Bb7Eb7Ab7|Db6 Bb-7 |Eb-7 Ab7 ||

C-maj,4/4,||Cj7   |E-7 A7 |D-7 G7 |Cj7   ||

C-maj,4/4,||Cj7   |E-7 A7 |D- G7 |Cj7 G7 ||

Bb-maj,4/4,||Bbj7   |Bbj7   |Bb-7   |Eb7   |Fj7   |Fj7   |Ab-7   |Db7   |G-7   |C7   |A-7   |D-7   |G7   |G7   |G-7   |C7 B7 ||

F-maj,4/4,||F6 D-7 |G-7 C7 |Fj7   |G-7 C7 |F6   |G-7 C7 |A-7 D7 |G-7 C7 ||

F-maj,4/4,||F6 D-7 |G-7 C7 |Fj7 D-7 |G-7 C7 |F6   |G-7 C7 |F6 D7 |G-7 C7 ||

G-maj,4/4,||Gj7F7E7 |A-7 D7Ebo|E-7 D-7G7|C7 B7 |E7 A7 |A-7 D7 |Gj7F7E7 |A7 D7 ||

Eb-maj,4/4,||Bb7   |Bb7   |Bb7   |Bb7   |Eb   |Eb   |Eb   |Eb   |Bb7   |Bb7   |Bb7   |Bb7   |Eb   |Eb   |Eb   |Eb   ||

Eb-maj,4/4,||Eb F-7 |Eb6 Gbo |F- F-7 |F-6 Gbo |F- F-7 |F-6 Bb7 |Eb C-7 |F-7 Bb7 ||

Ab-maj,4/4,||Ab   |Ab   |F7   |F7   |F-7   |F-7   |Bb7   |Bb7   |Eb   |Eb   |C7   |C7   |Ab   |Ab   |Eb7   |Eb7   ||

Bb-maj,4/4,||Bb   |Bb   |Bb7   |Bb7   |Eb   |Eb   |Bb   |Bb   |F7   |C-6 D7 |G-   |Bb-6   |F   |C7   |F7   |F7   ||

Ab-maj,4/4,||Ab   |Ab   |Ab   |Ab   |Ab   |Ab   |Eb7   |Eb7   |Eb7   |Eb7   |Eb7   |Eb7   |Eb7   |Eb7   |Ab   |Ab   ||

Ab-maj,4/4,||Ab   |Ab   |Ab   |Ab   |Ab   |Ab   |Eb7   |Eb7   |Eb7   |Eb7   |Eb7   |Eb7   |Eb7   |Eb7   |Ab   |Ab   ||

Eb-maj,4/4,||Eb   |Eb   |D7   |D7   |Eb   |Eb   |C+7   |C7   |F7   |F7   |Bb7   |Bb7   |Eb   |Eb   |Bb7   |Bb+7   ||

G-maj,4/4,||Gj7   |Gj7   |Gj7   |Gj7   |Gj7   |Bbo   |A-7   |D7   |A-7   |D7   |A-7   |D7   |A-7   |D7   |Gj7   |Gj7   ||

Ab-maj,4/4,||Bb7   |Eb7   |Ab6   |Ab6   |Eb-7   |Ab7   |Db6   |Db6   |Db7   |Do   |Ab6   |F7   |Bb7   |Bb7   |Bb-7   |Eb7   ||

Bb-maj,4/4,||Bbj7 G7 |C-7   |Ab7 G7 |C7   |C-7 F7 |Am7b5 D7 |G-7 C7 |Gb7 F7 ||

D-maj,4/4,||Em7b5   |A7   |Dj7   |Dj7   |Em7b5   |A7   |Dj7   |Dj7   ||

Ab-maj,4/4,||Abj7   |Abj7   |Abo7   |Abj7   |Dbj7   |Dbj7   |Dbj7   |Bb-7 Ebsus79 |D7 F7 |Bb7 Eb7 ||

F-maj,4/4,||F Abo |F6Bbj7A-7D-7|D7 G7 |C7 F7 |Bb A7 |G7 C7 |F7 G-7 |C7G-7EboC7||

Eb-maj,4/4,||Eb   |Eb   |Eb   |Eb7   |Ab   |Ab   |G7   |G7   |Eb   |Eb   |EbEb7D7Db7|C7   |F-7   |Bb7   |Eb   |Bb7   ||

Ab-maj,4/4,||Ab   |Ab  Ao|Eb7   |Eb7   |Ab   |Ab  Ao|Eb7   |Eb7   |Ab   |Ab7   |Db   |Db7 C7B7|Bb7   |Bb7   |Eb7NC  |NC   ||

Bb-maj,4/4,||Bb   |Bb   |Bb   |Bb   |Eb   |Eb   |Bb   |G7   |C-7   |F7   |Bb   |Bb   |NC   ||

Eb-maj,4/4,||F-7   |F-7 Bb7 |Eb   |EbAbEbEbo|Bb7   |Bb7   |Eb   |Eb EboEb||

Ab-maj,4/4,||Abj7   |Abj7   |Abj7   |Abj7   |C-7   |C-7   |C-7   |C-7   |Db7   |Db7   |Db7   |Db7   |Eb7   |Eb7   |Eb7   |Eb7   ||

C-min,4/4,||C-7   |C-7   |C-7   |C-7   |F-7   |F-7   |C-7   |C-7   |Ab7   |G7   |C-7   |G7   ||

F-maj,4/4,||E-7 A7 |D-7 Bm7b5 |E-7 A7 |D-7 G7 |G-7 C7 |D-   |Bbj7 A-7 |G-7 F-7 ||

C-min,4/4,||Fsus   ||

Bb-maj,4/4,||Bb G7 |C-7 F+7 |Bb G7 |C-7 F+7 |F-7 Bb7 |Ebj7 Eo |D-7 G+7 |C-7 F+7 ||

Bb-maj,4/4,||Bb   |Bb   |Bb   |Bb   |Db   |Eb   |Bb   |Bb   ||

G-min,4/4,||C-69   |Dm7b5 G7 |Gm7b5 C79b |F-6   |Dm7b5   |G79b   |Cj7   |Dm7b5 G7 ||

Db-maj,4/4,||Db7   |Gb7   |Db7   |Db7   |Gb7   |Gb7   |Db7 C7 |F-7 Bb7 |Eb-7   |Ab7   |Db7   |Eb-7 Ab7 ||

F-maj,4/4,||F7   |Bb7   |F7   |F7   |Bb7   |Bb7   |F7   |A-7 D7 |G-7   |C7   |F7 D7 |G-7 C7 ||

F-maj,4/4,||F7   |Bb7   |F7   |F7   |Bb7   |Bb7   |F7   |A-7 D7 |G-7   |C7   |F7 D7 |G-7 C7 ||

D-maj,4/4,||Dj7   |A-7 Dsus7 |Gj7   |Go7   |F#-7 B7 |E-7 A7 |F#-7 B7 |E-7 A7 ||

C-maj,4/4,||Cj7   |Cj7   |Cj7   |Eb-7 Ab79 |D-7   |G7   |D-7   |G7   ||

Db-maj,4/4,||Fm7b5   |Bb79b   |Eb-7   |Ab7   |Dbo7 Db6 |Dbj7   |Db-7   |Gb7   ||

Db-maj,4/4,||Db Bb7 |Eb-7 Ab7 |Db Bb-7 |Eb-7 Ab7 |Db Db7 |Gb7 Gb- |Db Bb-7 |Eb-7 Ab7 ||

C-maj,4/4,||C   |C   |G7   |C   |C   |C   |G7   |C   ||

C-min,4/4,||C- C-/Bb |Ab G7 |C- C-/Bb |Ab G7 |C- C-/Bb |Ab G7 |C- C-/Bb |Ab G7 ||

Bb-maj,4/4,||D-7   |G7   |Cj7 F7 |E-7 A-7 |C-7   |F7   |Bb7   |B7   ||

Eb-maj,4/4,||Ebj7   |F- Bb7 |Ebj7   |Eb- Ab7 |Dbj7   |Go C7 |Fj7   |Fo Bb7 ||

F-maj,3/4,||F7  |F7  |F7  |F7  |F7  |F7  |F7NC |NC  |Bb7  |Bb7  |Bb7  |Bb7  |F7  |F7  |F7  |F7  |Bb7  |Bb7  |Bb7A7 |A7  |Ab7  |Ab7  |G7  |G7  |Ab7  |Ab7  |G7  |C7  |F7  |F7  |F7  |F7  ||

F-min,4/4,||F-7   |F-7   |F-7   |F-7   |F-7   |F-7   |G7   |C7   |F-7   |F-7   |F-7   |F-7   |F7   |Bb7   |G7 C7 |F-7   ||

F-maj,4/4,||F7   |Bb7   |F7   |F7   |Bb7   |Bb7   |F7   |A-7 D7 |G-   |C7   |F7   |C7   ||

F-maj,4/4,||Fj7   |Em7b5 A79b |D-7 G7 |C-7 F7 |Bb7   |Bb-7 Eb7 |A-7 D7 |Ab-7 Db7 |G-7   |C7   |Fj7 D-7 |G-7 C7 ||

C-maj,4/4,||C6 F-7Bb7|E-7 A7 |D-7 G7 |Cj7 A-7 |D-7 G7 |Em7b5 A7 |D-7 G7 |C6A7D-7G7||

Ab-maj,4/4,||Ab   |F7   |Bb7   |Bb7   |Bb-7   |Eb7   |Ab   |Eb-7 D7 |Db   |Db-7   |Ab   |F7   |Bb7   |Bb7   |Bb-7   |Eb7   ||

F-maj,4/4,||F6   |Abo   |G-7   |C7   |G-7 G-/F |Gm7b5 C7 |F6   |E7 A7 |D-7   |Bm7b5 E7 |A-7   |Fm7b5 F-7 |E-7 A7 |D-7 G7 |C7   |G-7 C7 ||

C-min,4/4,||C-7   |Bo7   |Eb6/Bb   |Am7b5 D7 |G-7   |Am7b5 D79b |G-7 Gb7 |F-7 Bb7 ||

C-maj,4/4,||C7   |F7   |C7   |C7   |F7   |F7   |C7   |E-7 A7 |D-7   |G7   |C7 A7 |D-7 G7 ||

Bb-maj,4/4,B1: ||C#-7   |F#7   |Bj7   |Bj7   |B-7   |E7   |Aj7   |Aj7   |A-7   |D7   |Gj7   |Gj7   |G-7   |C7   |C-7   |F7   ||

Eb-maj,4/4,||F-7 Bb7 |Ebj7   |F-7 Bb7 |Ebj7   |F-7 Bb7 |G-7 C7 |F-7 Bb7 |Ebj7   ||

G-maj,4/4,||Gj7   |Gj7   |G-7 C7 |G-7 C7 |Fj7   |Fj7   |F-7   |Bb7   ||

G-maj,4/4,||Gj7   |Gj7   |Bb-7   |Eb7   |Gj7   |Gj7   |B-7   |E7   |A-7   |E7   |A-7   |A-7   |Eb7   |Eb7   |A-7   |D7   ||

F-maj,4/4,||G-7   |C7   |G-7   |C7   |Fj7 F7 |Bbj7 Bo7 |Fj7 Gj7 |A-7 D7 ||

Bb-min,4/4,||Bb-6   |C-7 F79b |Bb-6   |C-7 F79b |Bb-6   |Cm7b5 F79b |Bb-6   |F+7   ||

Eb-maj,4/4,||Ebj7   |F-7 Bb7 |Ebj7   |Eb-7 Ab7 |Dbj7   |Gm7b5 C+7 |Fj7   |Fm7b5 Bb7 ||

Bb-maj,4/4,||Bb G7 |C-7 F7 |Bbj7 G7 |C-7 F7 |Bbj7 Bb7 |Eb7 Ab7 |D-7 G7 |C-7 F7 ||

C-maj,4/4,||C6   |F-7 Bb7 |C7 Bb7 |A7   |D7   |G7   |E-7 A7 |D-7 G7 ||

Ab-maj,4/4,||Db79   |Db79   |Db79   |Db79   |Bb79   |Bb79   |Bb79   |Bb79   |Ab   |Ab   |C7   |F-   |Bb7   |Bb7   |Eb7   |Ab7   ||

Eb-maj,4/4,||F-7 Bb7 |Ebj7 C-7 |Dm7b5 G79b |C-7   |Dm7b5 G79b |C-7   |D7 Ab7911# |Gj7   ||

G-maj,4/4,||Cj7   |Cj7   |C-7   |F7   |F7   |F7   |Bb-7   |Eb7   ||

C-maj,4/4,||Cj7   |F#m7b5   |Cj7   |F#-7 B7 |Em7b5   |A7   |Em7b5   |A7   ||

G-maj,4/4,||G6 E-7 |A-7 D7 |Gj7 E-7 |A-7 D7 |G6 E-7 |A-7 D7 |G6 E7 |A-7 D7 ||

F-maj,4/4,||Fj7   |Fj7   |Em7b5   |A7   |D-7   |D-7   |C-7   |F7   ||

F-maj,4/4,||Fj7   |Fj7   |Em7b5   |A7   |D-7   |D-7   |C-7   |Bb7   ||

G-min,4/4,||G-7   |G-7   |G-7   |G-7   |C-7   |C-7   |G-7   |G-7   |Eb7alt   |D7   |G-7   |D7 C-7 ||

G-min,4/4,||G-7   |A7 D7 |G-7   |G-7   |F-7   |Bb7   |Ebj7   |Ebj7   |Am7b5   |D7   |Gbo7   |G-7   |Em7b5   |A7   |Am7b5   |D7   ||

Bb-maj,4/4,||Bb6 G7 |C-7 F7 |Bb6 G-7 |C-7 F7 |F-7 Bb7 |Eb7 Ab7 |D-7 G7 |C-7 F7 ||

D-min,4/4,||D- D-j7 |D-7 D-6 |G- G-j7 |G-7 G-6A7|D-   |D7   |G-7 C7 |Fj7 Em7b5A7||

C-maj,4/4,||C   |Ab7   |Db7   |Gb Go |Ab7   |Ab7   |Ab7   |Db Do |Eb7   |Eb7   |Eb7   |B7   |E7   |A Bbo |B7   |G7   ||

G-min,4/4,||G-7   |G-7   |G-7   |G-7   |G-7   |G-7   |G-7   |G-7   |G-7   |G-7   |G-7   |G-7   |G-7   |G-7   |G-7   |G-7   |G-7   |G-7   |G-7   |G-7   |G-7   |G-7   |G-7   |G-7   |G-7   |G-7   |G-7   |G-7   |G-7   |G-7   |G-7   |G-7   |G-7   |G-7   |G-7   |G-7   |G-7   |G-7   |G-7   |G-7   |G-7   |G-7   |G-7   |G-7   |G-7   |G-7   |G-7   |G-7   |G-7   |G-7   |G-7   |G-7   |G-7   |G-7   |G-7   |G-7   |G-7   |G-7   |G-7   |G-7   |G-7   |G-7   |G-7   |G-7   |G-7   |G-7   |G-7   |G-7   |G-7   |G-7   |G-7   |G-7   |G-7   |G-7   |G-7   |G-7   |G-7   |G-7   |G-7   |G-7   |G-7   |G-7   |G-7   |G-7   |G-7   |G-7   |Bb-7   |Bb-7   |G7   |G7   |Bb-7   |Bb-7   |G-7   |G-7   |Bb-7   |Bb-7   |G-7   |G-7   |Bb-7   |Bb-7   |G-7   |G-7   |Bb-7   |Bb-7   |G-7   |G-7   |Bb-7   |Bb-7   |G-7   |G-7   |Bb-7   |Bb-7   |G-7   |G-7   |Bb-7   |Bb-7   |G-7   |G-7   |Bb-7   |Bb-7   |G-7   |G-7   |Bb-7   |Bb-7   |G-7   |G-7   |Bb-7   |Bb-7   |G-7   |G-7   |Bb-7   |Bb-7   |G-7   |G-7   |Bb-7   |Bb-7   |G-7   |G-7   |Bb-7   |Bb-7   |G-7   ||

F-min,4/4,||F-7   |F-7   |F-7   |F-7   |F-7   |F-7   |F-7   |F-7   |F-7   |F-7   |F-7   |F-7   |F-7   |F-7   |F-7   |F-7   |F-7   |F-7   |F-7   |F-7   |F-7   |F-7   |F-7   |F-7   |F-7   |F-7   |F-7   |F-7   |F-7   |F-7   |F-7   |F-7   |F-7   |F-7   |F-7   |F-7   |F-7   |F-7   |F-7   |F-7   |F-7   |F-7   |F-7   |F-7   |F-7   |F-7   |F-7   |F-7   |F-7   |F-7   |F-7   |F-7   |F-7   |F-7   |F-7   |F-7   |F-7   |F-7   |F-7   |F-7   |F-7   |F-7   |F-7   |F-7   |F-7   |F-7   |F-7   |F-7   |F-7   |F-7   |F-7   |F-7   ||

C-maj,4/4,||D-7 A79b |D-7 Db7 |Cj7 F7 |E-7 Ebo7 |D-7   |Bm7b5 E7 |A-7D7D-7G7|C6 A7 ||

C-maj,4/4,B1: ||Dj7 E-7 |D/F# G-7C7|F#-7B-7E-7A7|Dj7   |D-7 G7 |Cj7 Eb- |D-7 G7 |C7B7Bb7 ||

D-min,4/4,||Eb7   |D-6   |Eb7   |D-6   |Eb7   |D-6   |Em7b5 A7 |D-6   ||

Eb-maj,4/4,||Eb-7 Ab7 |Db-7 Gb7 |Bj7   |F-7 Bb7 |Eb-7   |B7 Bb7 |Ebj7   |Ebj7   ||

Db-min,4/4,||Db-7   |Dj7   |Db-7   |B7   |Db-7   |Db-7   |Eb7 Ab7 |Db-7   ||

G-maj,4/4,||Gj7   |G6   |Gj7   |G6   |G-7   |G-6   |G-7   |G-6   |Am7b5   |D7   |Bm7b5   |E7   |A-7   |D7   |Gj7   |Gj7   ||

G-maj,4/4,||Gj7   |Gj7   |Gj7   |Gj7   |G-7   |G-7   |G-7   |G-7   |A-7   |D7   |Bm7b5   |E79b   |A-7   |D7   |Gj7   |Gj7   ||

Eb-maj,4/4,||D7 G7 |C-6   |F7 Bb7 |Ebj7   |D7 G7 |C-6   |Ab7   |Ab7   ||

F-maj,4/4,||Fj7   |G-7 C7 |Fj7   |Bb-7 Eb7 |Eb7 D7 |G-7 C7 |F   |Ab-7 Db7 |Gbj7   |Ab-7 Db7 |Gbj7   |B-7 E7 |Bb-7 A7 |Ab-7 Db7 |Gb   |A-7 D7 ||

Eb-maj,4/4,||Eb7   |Ab7   |Eb7   |Eb7   |Ab7   |Ab7   |Eb7   |G-7 C7 |F-7   |Bb7   |Eb7  C-7|F-7 Bb7 ||

Db-maj,4/4,||Dbj7   |Dbj7 Ab7 |Dbj7   |Dbj7 Do |Eb-7   |Ab7   |Db6 Bb-7 |Eb-7 Ab7 ||

Db-maj,4/4,||Eb- D+7 |Eb-7 D7 |Dbj7 Eb-7 |F-7 Eo |Eb-7   |Cm7b5 B7 |Bb-7 Eb-7Ab7|Dbj7 Fm7b5Bb79b||

F-maj,4/4,||F6 D7 |G-7 C7NC|G-7 C7NC|F6   |F7  NC|Bb6 Gm7b5 |C7   |F6 C7 ||

Eb-maj,4/4,||Eb   |Eb   |Eb D7Db7|C7   |F7   |Bb7   |G-7 Gb7 |F-7 Bb7 ||

Bb-maj,4/4,||C-7   |F7   |Bb6   |D-7 G7 |C-7   |F7   |Bb6   |D-7 G7 ||

Ab-maj,4/4,||Bb-7   |Gb7F7E7Eb7|Abj7   |Ab7G7Gb7F7|Bb7   |Bb-7 Eb7 |Abj7   |Ab7 F79b ||

Db-maj,4/4,||G D7G|C79   |G   |G G#o |D7   |D7   |G   |A- D7 ||

Eb-maj,4/4,||Eb7NC  |Ab7   |Eb7   |Eb7   |Ab7   |Ab7   |Eb7   |G-7 C7 |F-7   |Bb7   |Eb7   |F-7 Bb7 ||

F#-min,4/4,||Gb-7   |Abm7b5 Db7 |Gb-7   |Gb-7   |G7   |G7   |Gb-7   |E-7 A7 |D7   |Db7   |Gb-7   |Db7   ||

Bb-maj,4/4,||Gbj79   |Abj79   |Bbj79   |Bbj79   |Gbj79   |Abj79   |Bbj79   |Bbj79   |Gbj79   |Abj79   |Bbj79   |Bbj79   |Gbj79   |Abj79   |Bbj79   |Bbj79   |Gbj79   |Abj79   |Bbj79   |Bbj79   |Gbj79   |Abj79   |Bbj79   |Bbj79   |Gbj79   |Abj79   |Bbj79   |Bbj79   |Gbj79   |Abj79   |Bbj79   |Bbj79   |Gbj79   |Abj79   ||

Eb-maj,4/4,||Bj7911#   |Bb79b13b   |Ebj7911#   |Ebj7911#   |Bj7911#   |Bb79b13b   |Ebj7911#   |Ebj7911#   |Am7b5   |Ab-7   |G-7   |Gb-7   |F-7   |Ej7911#   |D/Eb   |D/Eb   ||

Eb-maj,4/4,||F-7   |Bb7   |Ebj7   |C7   |F-7   |Bb7   |Ebj7   |C7   |F-7   |Bb7   |Ebj7   |C7   |F-7   |Bb7   |Ebj7   |C7   ||

F-maj,4/4,||G-6/C   |G-6/C   |G-6/C   |G-6/C   |G-6/C   |G-6/C   |Db7911#   |Db7911#   |G-6/C   |G-6/C   |G-6/C   |G-6/C   |G-6/C   |G-6/C   |C+7   |C+7   |A-7   |A-7   |A-7   |A-7   |A-7   |A-7   |C+7   |C+7   |C+7   |C+7   |C+7   |C+7   |C+7   |C+7   |A-7   |A-7   |G-6/C   |G-6/C   |G-6/C   |G-6/C   |G-6/C   |G-6/C   |F+7911#   |F+7911#   ||

Eb-maj,4/4,||Fm7b5   |Bb7   |Ebj7   |Ebj7   |Fm7b5   |Bb7   |Ebj7   |Ebj7   |Am7b5   |Ab-7   |G-7   |Gbo7   |F-7   |Bb7   |Ebj7   |Ebj7   ||

Bb-maj,4/4,||Bbj7   |Eb7   |Ab7   |G7   |C7   |C7   |C-7   |F7   ||

E-min,4/4,||E-7   |E-7   |E-7   |E-7   |D7   |D7   |D7   |D7   ||

Eb-maj,4/4,||Ebj7   |F-7/Bb   |Ebj7   |F-7/Bb   |Eb7 Ab7 |G-7 C7 |F-7   |Bb7   |F-7   |Bb7   |F-7   |Bb7   |F-7   |Bb7   |Ebj7   |F-7 Bb7 ||

C-min,4/4,||C-   |C-   |C-   |C-   |C-   |C-   |C-   |C-   ||

Eb-maj,4/4,||Ebj7   |Ebj7   |Dm7b5   |G79b   |C-7   |C-7   |Bb-7   |Eb7   |Abj7   |Fm7b5 Bb7 |Ebj7   |C-7   |F7   |F7   |F-7   |Bb7   ||

Db-maj,4/4,||Eb-7   |Ab   |Dbj7   |F-7 E-7 |Eb-7   |Ab7   |Dbj7   |Dbj7   |Bb-7   |Eb7   |Eb7   |Bb-7   |Eb-7   |Ab7   |Db-7   |Gb7   ||

Bb-maj,4/4,||Bb7   |Eb7   |Bb7   |Bb7    |Eb7   |Eb7   |Bb7   |Bb7   |C7   |F7   |Bb7   |Bb7   ||

Bb-maj,4/4,||Bb7   |Eb7   |Bb7   |Bb7   |Eb7   |Eb7   |Bb7   |D-7 G7 |C7   |F7   |Bb7   |Bb7   ||

Db-maj,4/4,||Eb-7 Bb79b |Eb-7 D7 |Dbj7 Gb7 |F-7 Eo7 |Eb-7   |Cm7b5 F7 |Bb-7Eb7Eb-7Ab7|Db6 Bb7 ||

Db-maj,4/4,||Eb-7 Bb7 ||

Db-maj,4/4,||Eb7   |Db7   |Eb7 Db7 |Bb7   |Eb-7   |Ab7   |Db6   |Db6C7B7Bb7||

C-min,4/4,||C-69   |Dm7b5 G+7 |C-69   |C7   |F-69   |C+7   |F-69   |F-69   |Dm7b5   |G+7   |F-7   |Bb7   |Eb-7 Ab7 |Dm7b5 G+7 |C-69   |Dm7b5 G7 ||

C-maj,4/4,||C6   |D7911#   |D-7 G79b |C6Eb7D7Db7||

Bb-min,4/4,||Bb-   |C-7 F7 |Bb-   |Cb7   |Bb-   |C-7   |C-7   |Cb7   ||

Bb-maj,4/4,||F7   |Bb7   |F7   |F7   |Bb7   |Bb7   |F7   |D7   |G-7   |C7   |F7   |F7   ||

Bb-maj,4/4,||Bb7   |Eb7   |Bb7   |Bb7   |Eb7   |Eb7   |Bb7   |D-7 G7 |C-7   |F7   |Bb7   |F7   ||

Eb-maj,4/4,||Eb F-7 |G-7 F-7 |G-7 F-7 |F#-7 B7 |F-7   |Bb7   |Ebj7 C7 |F-7 Bb7 ||

Db-maj,4/4,||Db Bb7 |Eb-7 Ab7 |F-7 Bb-7 |Eb-7 Ab7 |Ab-7 Db7 |Gb7 B7 |F-7 Bb-7 |Eb-7 Ab7 ||

C-maj,4/4,||C   |C   |G7   |C   |C   |C   |G7   |C   ||

C-min,4/4,||C- C-/Bb |Ab G7 |C- C-/Bb |Ab G7 |C- C-/Bb |Ab G7 |C- C-/Bb |Ab G7 ||

Bb-maj,4/4,||Bb6 G-7 |C-7 F7 |Bb6 G-7 |C-7 F7 |Bb6 Bb7 |Eb6 Eo7 |Bb6 F7 |Bb6   ||

Bb-maj,4/4,||Bb7   |Bb7   |Bb7   |Bb7   |Eb7   |Eb7   |Bb7   |Bb7   |C-7   |F7   |Bb7   |Bb7   ||

Bb-maj,4/4,||Bbj7   |Bbj7   |Bo   |Bo   |C-7   |F7   |Bbj7   |F7   ||

Bb-maj,4/4,||Bb6 G7 |C-7 F7 |Bb6 G-7 |C7 F7 |Bb7   |Eb6 Eb-6 |D-7 G7 |C-7 F7 ||

F-min,4/4,||F- Gm7b5 |F- Bb-6 |F-   |Gm7b5 C79b |F- Gm7b5 |F- Bb-6 |F-   |C7 F- ||

Bb-maj,4/4,||Bb7   |Bb7   |Bb7   |Bb7   |Eb7   |Eb7   |Bb7   |Bb7   |C-7   |F7   |Bb7   |Bb7   ||

F-maj,4/4,||F7   |Bb7   |F7   |F7   |Bb7   |Bb7   |F7   |F7   |G-7   |G-7   |F7 D-7 |G-7 C7 ||

Db-maj,4/4,||Ebj7   |Ebj7   |Am7b5   |D7   |Ebj7   |Ebj7   |Gm7b5   |C7   |F7   |F7   |F-7   |Bb7   |G-7   |F#-7   |F-7   |Bb7   ||

C-maj,4/4,||Gm7b5   |C+7   |Fm7b5   |Bb+7   |Dm7b5   |G+7   |Cj7   |Cj7   ||

F-min,4/4,||F- Gm7b5 |F-/Ab Bb-6 |F-/C   |Gm7b5 C7 |F- Gm7b5 |F-/Ab Bb-6 |F-/C   |Gm7b5 F- ||

Db-maj,4/4,||Eb-7 Bb79b |Eb-7 D7 |Dbj7 Gb7 |F-7 Eo7 |Eb-7   |Cm7b5 F7 |Bb-7Eb7Eb-7Ab7|Db6 Bb7 ||

F-maj,4/4,||F7   |Bb7   |F7   |F7   |Bb7   |Bb7   |F7   |F7   |G-7   |C7   |F7 D-7 |G-7 C7 ||

Db-maj,4/4,||Db7   |Gb7 Go |Db Db7 |Bb-7 Db7 |Gb7   |Gb7 Go |Db7   |Db7 Ao |Ab7   |Gb7   |Db7   |Db7   ||

Db-maj,4/4,||Db7   |Gb7 Go |Db7   |Db7   |Gb7   |Gb7 Go |Db7   |Bb- Eb7 |Ab7   |Gb7   |Db7   |Db7   ||

Bb-maj,4/4,||Bbj7   |Bbj7   |A-7 Abo |G-7 D7/F# |G-7   |G-7   |D-7 Dbo |C-7 Bo7 ||

G-maj,4/4,||Gj7   |Gj7   |Bb-7   |Eb7   |Gj7   |Gj7   |B-7   |E79b   |A-7   |E79b   |A-7   |A-7   |Eb7   |Eb7   ||

F-maj,4/4,||F/C Dbo |D- G-7 |C7 G-7C7|Fj7   |Fj7 A7 |D-7 Dbo |C7 G-7C7|Fj7   ||

G-min,4/4,||G-6   |Eb7 D7 |G-6   |Eb7 D7 |G-6   |Eb7 D7 |G-6   |Am7b5 D7 ||

G-maj,4/4,||Gj7   |Gj7   |Bb-7   |Eb7   |Gj7   |Gj7   |B-7   |E79b   ||

C-maj,4/4,||G-7   |C7   |G-7   |C7   |F7   |Bbj7 Eb7 |Cj7 G7 |C6   ||

D-maj,4/4,||Dj7   |Dj7   |Ebj7   |Ebj7   |F7   |F7   |Bbj7   |Bbj7   |A-7   |D7   |Gj7   |Gj7   |B-7   |E7   |F-7 Bb7 |E-7 A7 ||

D-maj,4/4,||Dj7   |Dj7   |Ebj7   |Ebj7   |F7   |F7   |Bbj7   |Bbj7   |A-7   |D7   |Gj7   |Gj7   |B-7   |E7   |F-7 Bb7 |E-7 A7 ||

F-maj,4/4,||F7   |Bb7   |F7   |F#-7 B7 |Bb7   |Bo   |E79# A7913b |A-7 Ab-7 |G-7   |Db-7 F#7 |B+7   |B+7   ||

A-min,4/4,||A-79   |G-79   |A-79   |F-79   |F-7 Bb7 |G-7 C79b |A-7 D79b |G-7C7F-7E7||

G-maj,4/4,||G7   |G7   |G7   |G7913   |F7   |F7   |G7   |G7913   |Dsus7   |D7   |G7   |G7913   ||

F-maj,4/4,||F7alt   |Bb7alt   |F7alt   |F7alt   |Bb7   |Bo7   |F7   |Db-7 Gb7 |G-7 C7 |Ab-7 Db+7 |A-7 D7 |G7alt   |C Db/C |D/C Eb/C ||

Eb-maj,4/4,||Ebj7   |Ebj7   |Eb-7   |Eb-7   |F7/Eb   |F7/Eb E/Eb |Ebj7   |Ebj7   ||

Eb-maj,4/4,||Ebj7   |Ab7911#   |Db7   |Eb7   |Ab7   |D7alt   |Ebj7   |Db-7 Gb7 |Fm7b5   |Bb7alt B-7E7|Ab7911#   |Ab7911#   ||

Bb-maj,4/4,||Bbj7 G7 |C-7 F7 |D-7 G7 |C-7 F7 |F-7 Bb7 |Eb7 Eb-7 |D-7 G7 |C-7 F7 ||

F-maj,4/4,||F   |F   |F-7   |Bb7   |G-7   |C7913   |A-7 Abo |G-7 Gb7 ||

Bb-maj,4/4,||Bb6 G7 |C-7 F7F7/Eb|D-7 G7 |C-7 F7 |Bbj7 Bb7/D |Ebj7 Eo |D-7/FG7C-7F7|Bb6 F7 ||

Bb-maj,4/4,||Bbj7 G-7 |C-7 F7 |Bbj7 G-7 |C-7 F7 |Bbj7 Bb7 |Ebj7 Ab7 |D-7G7C-7F7|Bbj7 F7 ||

Ab-maj,4/4,||Bb7913   |Eb79#   |Abj7   |F7   |Bb7   |Bb-7 Bo7 |Ab/C Bo7 |Bb-7 Eb7913B7911#||

Db-maj,4/4,||Db7   |Gb7   |Db7   |Db7   |Gb7   |Gb7   |Db7   |Bb7   |Eb7   |Ab7   |Db7   |Ab7   ||

F-maj,4/4,||F7   |Bb7   |F7   |F#- B7 |Bb7   |Bo   |E79# Ab7913b |A-7 Ab-7 |G-7   |C#- F#7 |B+7   |B+7   ||

F#-min,4/4,||Gb-7   |Abm7b5 Db7 |Gb-7   |Gb-7   |G7   |G7   |Gb-7   |E-7 A7 |D7   |Db7   |Gb-7   |Db7   ||

F-maj,4/4,||F7   |Bb7   |F7   |F7   |Bb7   |Bb7   |F7   |D79b   |G-7   |C7   |A-7 D-7 |Gm7b5 C7 ||

C-min,4/4,||C-7   |Dbj7   |C-7   |Dbj7   |C-7   |Dbj7   |C-7   |Dbj7 Eb-7 |E-7911 C-7 |D-7911 Bb-7 |A7alt   |Bb-7   |A7alt   |Bb-7   ||

C-maj,4/4,||A-7 D7 |G E7 |A-7 D7 |D-7 G-7 |C C-7F7|Bb Bb-7Eb7|A-7 D7 |G   ||

Bb-maj,4/4,||Bb69 Bb7 |Eb-7 Ab7 |D-7 G7 |C-7 F7 |Bbj7 G7 |C-7 F7 |Bbj7 G7 |C-7 F7 ||

G-min,4/4,||G-7   |C7   |G-7   |C79b   |Fj7   |G-7 C7 |Fj7 G-7 |A-7 D7 ||

G-maj,4/4,||G   |C-7 F7 |G   |C-7 F7 |Bb   |A-7 D7 |G   |A-7 D7 ||

Ab-maj,4/4,||Ab6   |Ab6   |Db7   |Db7   |Abj7   |F-7   |Bb-7   |Eb7   ||

G-maj,4/4,||G   |C7   |G   |F7 E-7 |A-7   |C#-7 F#7 |G Go |A-7 D7 ||

Db-maj,4/4,||Db7   |Gb7   |Db7   |Db7   |Gb7   |Gb7   |Db7   |Db7 Bb7 |Eb-7   |Ab79   |Db7   |Ab7   ||

C-maj,4/4,||Cj7   |Cj7   |F-7   |Bb7   |Cj7   |Cj7   |Bb-7   |Eb7   |Abj7   |Abj7   |A-7   |D7   |D-7   |G7   |Cj7 Ebj7 |Abj7 Dbj7 ||

Ab-maj,4/4,||Db7   |C7   |B7911#   |Bb7   |Bb-7   |Eb79b   |Abj7   |Eb-7 Ab7 ||

Eb-maj,4/4,||Eb7   |Eb7   |Eb7   |Eb7   |Ab7   |Ab7   |Bb7   |Bb7   ||

Ab-maj,4/4,||Bb7   |Eb7   |Ab6   |Ab6   |Eb-7   |Ab7   |Db6   |Db6   ||

Bb-maj,4/4,||Bb D7 |G7   |C7   |C7   |F7 F#o |G-   |C7   |F7   ||

Bb-maj,4/4,||Bb D7 |G7   |C7   |C7   |F7 F#o |G-   |C7   |F7   ||

Bb-maj,4/4,||Bb7   |Eb7 Em7b5 |Bb7   |Bb7   |Eb7   |Eb7   |Bb7   |D-7 G7 |C-7   |F7   |Bb7 F7 |Bb7G7C-7F7||

F-maj,4/4,||Fj7   |Fj7   |Fj7   |Fj7/A Abo7 |G-7   |C7   |F6   |G-7 C7 ||

Bb-maj,4/4,||C-7   |F7   |Bbj7 Ebj7 |D-7 Db7 |C-7 G7 |C-7 F7 |Bbj7   |D-7 Db7 ||

F-min,4/4,||F-   |F-j7   |F-7   |F-6   |Dbj7   |Bb-7   |Gm7b5   |C79b   ||

F-maj,4/4,||F7   |C7   |F7   |F7   |Bb7   |Bb7   |Bb7   |Bb7   |Bb-7   |Eb7   |Bb-7   |Eb7   |Ab6   |Ab6   |Bb-7 Eb7 |Ab6 C7 ||

F-maj,4/4,||F7   |Bb7   |F7   |F7   |Bb7   |Bb7   |F7   |F7   |G-7   |C7   |F7   |G-7 C7 ||

D-min,4/4,||D-   |Em7b5 A79b |D-   |Em7b5 A79b |D- D-/C# |D-/C   |Bm7b5   |E7   ||

Eb-maj,4/4,||Fsus7913   |Fsus7913   |Fsus7913   |Gbsus7913   |Fsus7913   |Fsus7913   |F7 Eb7 |D79   |Ebj7911#   |Ebj7911#   |Ebj7911#   |Ebj7911#   ||

Eb-maj,4/4,||Fsus7913   |Fsus7913   |Fsus7913   |Gbsus7913   |Fsus7913   |Fsus7913   |Fsus7913 Ebsus7913 |D79   |Ebj7911#   |Ebj7911#   |Ebj7911#   |Ebj7911#   ||

G-min,4/4,||G-6   |Eb7 D79b |G-6   |Eb7 D79b |G-6   |Eb7 D79b |G-6   |Eb7 D79b ||

Eb-maj,4/4,||Dm7b5NC  |G+7   |Abj7 Gbj7 |E-7 A7 |F-7 Bb7 |Ebj7 Dm7b5G7|C-7 C-7/Bb |Ab-7 Db7 |G+7 Gb7 |F7   |Ej7   |F-7 Bb+7 |Ebj7   |Dm7b5 G+7 ||

Eb-maj,4/4,||Eb7   |Eb7   |Eb7   |Eb7   |Eb7   |Eb7   |Eb7   |Eb7   |Ab7   |Ab7   |Ab7   |Ab7   |Eb7   |Eb7   |Eb7   |Eb7   |Bb7   |Bb7   |Bb7   |Bb7   |Eb7   |Eb7   |Eb7   |Eb7   ||

Eb-min,4/4,||Eb-79   |Eb-79   |F7   |F7   |E7   |E7   |Eb-79   |Eb- Bb7 ||

Db-maj,4/4,||Fm7b5   |Bb7   |Eb-7   |Ab7   |Dbo7 Db6 |Dbj7   |Db-7   |Gb7   ||

Db-maj,4/4,||Eb-7 B79b |Eb-7 D7 |Dbj7 Gb7 |F-7 Eo7 |Eb-7   |Cm7b5 F7 |Bb-7Eb7Eb-7Ab7|Db6 Bb7 ||

Db-maj,4/4,B1: ||Dj7 E-7 |D/F# G-7C7|F#-7B-7E-7A7|Dj7   |D-7 G7 |Cj7 Ebo |D-7 G7 |C7B7Bb7 ||

B-maj,4/4,||Bj7 E-7A7|Dj7 Bb-7Eb7|Abj7 G-7C7|Fj7 C#-7F#7|Bj7 E-7A7|Dj7 C#-7F#7|Bj7   |C#-7 F#7 |Bj7   |C#-7 F#7 ||

C-maj,4/4,||Ej7 G#7/D# |C#-7 B7 |Bb79b E7alt |Ebj7 Eb-7Ab7|Dbj7 F7/C |Bb-7 Ab7 |G7 Db7alt |Cj7 F#-7B7||

C-maj,4/4,||Cj7 A-7 |D-7 G7 |E7 Am7b5 |D-7 Gsus7 |Cj7 A-7 |D-7 G7 |E7 A7 |D-7 Gsus7 ||

F-maj,4/4,||F   |G-7 C7 |A-7 D79b |G-7 C79b |Fj7   |G-7 C7 |A-7   |D79b   |B-7 E7 |A-7 D7 |G-7 C7 |Fj7   |E-7 A7 |D-7 G7 |G-7   |C7   ||

C-min,4/4,||C-7   ||

G-min,4/4,||C#7   |C#7   |F#7   |F#7   |F7 E7 |Eb7   |D7   |D7   ||

F-maj,4/4,||NC   ||

Eb-maj,4/4,||Eb7   |Ab7   |Eb7   |Eb7   |Ab7   |Ab7   |Eb7   |Eb7   |Bb7   |Ab7   |Eb7   |Eb7   ||

Bb-maj,4/4,||Bb7   |Eb7   |Bb7   |Bb7   |Eb7   |Eb7   |Bb7   |Bb7   |C-7   |F7   |Bb7   |F7   ||

Eb-maj,4/4,||Eb7   |Ab7   |Eb7   |Eb7   |Ab7   |Ab7   |Eb7   |C7   |F-7   |Bb7   |Eb7   |Eb7   ||

Db-maj,4/4,||Eb- Eb-j7Eb-7|Ab7   |Eb- Eb-j7Eb-7|Ab7   |Db/Ab   |F+/Ab G+/Ab |F-7/Ab   |E-7 A7 |Absus   |Absus   |Ab7   |B7911#   |F+/Ab G+/Ab |F+/Ab G+/Ab |F+/Ab Ab79b |Db F79b13bBb+7||

Db-maj,4/4,||Eb-/Ab Eb-79/Ab |Ab7   |Eb-/Ab   |Ab7   |Db79/Ab   |F+/Ab G+/Ab |F-7/Ab   |E-7 A7 |Absus   |Absus   |Ab7   |B7911#   |F+/Ab G+/Ab |F+/Ab G+/Ab |F+/Ab Ab7 |Db79 F79b13bBb+7||

Bb-maj,4/4,||E-7 F7 |Bbj7 Db7 |Gbj7 A7 |Dj7   |D-7 Eb7 |Abj7 B7 |Ej7 G7 |Cj7   |C-7 Db7 |Gbj7 A7 |Dj7 F7 |Bbj7   |E7   |F7   |Bbj7   |Eb7   ||

Eb-maj,4/4,||Cbj7 D7 |Gj7 Bb7 |Ebj7   |A-7 D7 |Gj7 Bb7 |Ebj7 Gb7 |Cbj7   |F-7 Bb7 |Ebj7   |A-7 D7 |Gj7   |Db-7 Gb7 |Cbj7   |F-7 Bb7 |Ebj7   |Db-7 Gb7 ||

Eb-maj,4/4,||Bj7 D7 |Gj7 Bb7 |Ebj7   |A-7 D7 |Gj7 Bb7 |Ebj7 F#7 |Bj7   |F-7 Bb7 |Ebj7   |A-7 D7 |Gj7   |C#-7 F#7 |Bj7   |F-7 Bb7 |Ebj7   |C#-7 F#7 ||

D-min,4/4,||D-7   |D-7   |D-7   |D-7   |D-7   |D-7   |D-7   |D-7   ||

D-min,4/4,||D-7   |D-7   |D-7   |D-7   |D-7   |D-7   |D-7   |D-7   ||

C-min,4/4,||C-7   |C-7   |C-7   |C-7   |F-7   |F-7   |C-7   |C-7   |Ab7   |G7   |C-7   |C-7   ||

E-min,4/4,||E-7   ||

Bb-maj,4/4,||Bbj7 G79b/B |C-7 F7 |Bbj7 G7 |C-7 F7 |Bbj7 G79b/B |C-7 F7 |Bbj7   |C-7 F7 ||

Bb-maj,4/4,||Bbj7 G7 |C-7 F7 |Bbj7 G7 |C- F7 |F-7 Bb7 |Ebj7 Eb-6 |Bbj7 G7 |C-7 F7 ||

Eb-maj,4/4,||Ebj7   |Gm7b5 C7 |F-7   |Db7   |Ab-7 Db7Do|Ebj7 G7C7|F7 Bb7 |G-7C7F-7Bb7||

D-maj,4/4,||D-7   |D-7   |D-7   |D-7   |D-7   |D-7   |D-7   |D-7   ||

Bb-maj,4/4,||Bb7NC  |Eb7   |Bb7   |Bb7   |Eb7   |Eb7   |Bb7   |D-7 G7 |C-7   |F7   |Bb7   |C-7 F7 ||

F-maj,4/4,||Eb C7 |F7 Bb7 |Eb C7 |F7 Bb7 |Eb   |Eb C7 |F7   |Bb7   ||

Ab-maj,4/4,||Eb7   |Eb7   |Ab   |Ab   |Eb7 F-7 |Co Eb7 |Ab7 Db6 |Do Ab |Eb7   |Eb7   |Ab   |Ab7   |Db Fo |Ab F7 |Bb7 Eb7 |Ab F7 |Bb7 Eb7 |Ab   |Ab   ||

Eb-maj,4/4,||Eb   |Eb   |Eb   |Eb   |Eb   |Eb   |Bb7   |Bb7   |Bb7   |Bb7   |Bb7   |Bb7   |Bb7   |Bb7   |Eb   |Eb   ||

Ab-maj,4/4,||Bb7   |Eb7   |Ab   |Ab Abo |Eb7   |Eb7   |Ab   |Ab   |Bb7   |Eb7   |Ab   |Ab   |F7   |Bb-   |Bb7 Eb7 |Ab   ||

Eb-maj,4/4,||Eb   |Bb+7   |Eb   |Do   |Eb7   |Ab7   |F-7   |Bb7   ||

C-maj,4/4,||C   |C   |E7   |E7   |A-   |A-   |C7   |C7   |F   |F   |C   |A7   |D7   |D7   |G7   |G7   ||

C-maj,4/4,||A-7 D7 |G E7 |A-7 D7 |D-7 G7 |C F7 |Bb Bb-7Eb7|A-7 D7 |G C ||

Eb-maj,4/4,||Eb7   |Eb7   |Eb7   |Eb7   |Ab7   |Ab7   |Eb7   |F7   |Bb7   |Ab7   |Eb7   |Eb7   ||

Eb-maj,4/4,||Eb7   |Ab7   |Eb7   |Eb7   |Ab7   |Ab7   |Eb7   |C7   |F-7   |Bb7   |Eb7   |Bb7   ||

Eb-maj,4/4,||Eb7   |Eb7   |Eb7   |Eb7   |Ab7   |Gb7911#   |F7   |Bb7   |Eb7   |Eb7   |Ab7   |Ao   |G-7 C7 |F-7 Bb7 |Eb7   |Eb7   ||

G-min,4/4,||D79#   |D79#   |D79#   |D79#   |G79#   |G79#   |D79#   |D79#   |A79#   |G79#   |D7   |A+79#   ||

G-min,6/8,||G-j7   |G-j7   |G-j7   |G-j7   |G-j7   |G-j7   |G-j7   |G-j7   |Eb7 Ab-6/Eb |Eb7 Ab-6/Eb |Eb7 Ab-6/Eb |Eb7 Ab-6/Eb |Eb7 Ab-6/Eb |Eb7 Ab-6/Eb |Eb7 Ab-6/Eb |Eb7 Ab-6/Eb ||

Bb-maj,4/4,||Bb F/A |G- G-/F |Eb/G Bb/F |F  F7|Bb F/A |G- G-/F |Eb/G Bb/F |F F#o ||

F-maj,4/4,||F7   |F7   |F7   |F7   |Bb7   |Bb7   |F7   |A-7 D7 |G7   |C7   |F7   |C7   ||

Eb-maj,4/4,||Eb7   |Eb7   |Eb7   |Eb7   |Ab7   |Ab7   |Eb7   |Eb7   |Bb7   |Ab7   |Eb7   |Eb7   ||

Db-maj,4/4,||Db7   |Gb7   |Db7   |Db7   |Gb7   |Gb7   |Db7   |Db7 Bb7 |Eb-7   |Ab79   |Db7   |Ab7   ||

Eb-maj,4/4,||Fsus7913NC  |NC   |NC   |Gbsus7913   |Fsus7913   |Fsus7913   |F7 Eb7 |D79   |Ebj7911#   |Ebj7911#   |Ebj7911#   |Ebj7911#   ||

C-maj,4/4,||Cj7   |Cj7   |F-7   |Bb7   |Cj7   |Cj7   |Bb-7   |Eb7   |Abj7   |Abj7   |A-7   |D7   |D-7   |G7   |Cj7 Ebj7 |Abj7 Dbj7 ||

F-min,4/4,||F-7   |Bb-7   |Eb7   |Abj7   |Dbj7   |D-7 G7 |Cj7   |Cj7   ||

Eb-maj,4/4,||Dm7b5   |G+7   |Abj7 Gbj7 |E-7 A7 |F-7 Bb7 |Ebj7 Dm7b5G7|C-7 C-7/Bb |Ab-7 Db7 |G+7 Gb7 |F7   |Ej7   |F-7 Bb+7 |Ebj7   |Dm7b5 G+7 ||

D-min,4/4,||D-   |G-   |D-   |G-   |D-   |G-   |D-   |G-   |Abj7   |G-   |Abj7   |G- A7 |D-   |G-   |D-   |G-   ||

D-min,4/4,||D-7911   |G-7   |D-7911   |G-7   |D-7911   |G-7   |D-7911   |G-7   |Abj7   |G-7   |Abj7   |E7 A7 |D-7911   |G-7   |D-7911   |G-7   ||

D#-maj,4/4,||D#7   |E7   |D#7   |E7   |D#7   |E7   |D#7   |E7   |D#7   |E7   |D#7   |E7   |D#7   |E7   |D#7   |E7   |D#7   |E7   |D#7   |E7   |D#7   |E7   |D#7   |E7   |D#7   |E7   |D#7   |E7   |D#7   |E7   |D#7   |E7   |D#7   |E7   |D#7   |E7   |D#7   |E7   |D#7   |E7   |D#7   |E7   |D#7   |E7   |D#7   |E7   |D#7   |E7   |D#7   |E7   |D#7   |E7   |D#7   |E7   |D#7   |E7   |D#7   |E7   ||

C-min,4/4,||C-7   |Eb   |C-7   |Eb   ||

F-maj,4/4,||F7   |Bb7   |F7   |F7   |Bb7   |Bb7   |F7   |A-7 D7 |G-7   |C7   |F7   |G-7 C7 ||

F-maj,4/4,||Eb C7 |F7 Bb7 |Eb C7 |F7 Bb7 |Eb   |Eb C7 |F7   |Bb7   ||

C-maj,4/4,||C   |F   |C   |C   |F   |F   |C   |C   |G7   |F   |C   |C   ||

Ab-maj,4/4,||Ab   |Ab Abo |Eb7   |Eb7   |Ab   |Ab   |Bb7   |Eb7   |Ab   |Ab   |F7   |Bb-   |Bb7 Eb7 |Ab   ||

G-maj,4/4,||G7   |C7 C#o |G7/D   |G7/D   |C7   |C7   |G7   |G7   |D7   |D7   |G7   |G7   ||

C-maj,4/4,||C   |A7   |D7   |D7   |G7   |G7   |C   |G7   |C   |C   |G   |G   |A-   |D7   |G7   |G7   ||

Ab-maj,4/4,||F-7   |Bb-7   |Eb7   |Abj7   |Dbj7   |G7   |Cj7   |Cj7   ||

Bb-maj,4/4,||Bb7   |Eb7   |Bb7   |Bb7   |Eb7   |Eb7   |Bb7   |D-7 G7 |C7   |F7   |Bb7   |F7   ||

F-maj,4/4,||Fj7   |G-7 C7 |A-7   |G-7 C7 |F7   |Bbj7   |G-7 C7 |Fj7   ||

G-maj,4/4,||Gj7   |G6   |Gj7   |G6   |G-7   |G-6   |G-7   |G-6   |Am7b5   |D7   |Bm7b5   |E7   |A-7   |D7   |G   |G79b   ||

Bb-maj,4/4,||Bbj7   |Bbj7   |F-7   |Bb7   |Ebj7   |Ebj7   |C-7   |F7   |Bbj7   |Bbj7   |C7   |C7   |C-7   |Dm7b5 G7 |C-7   |F+7   ||

Eb-maj,4/4,B1: ||Abj7   |Bb7 Eb7 |Abj7   |Db7 C7 |F-7   |Db7 C7 |F7   |F-7 Bb7 ||

F-maj,4/4,||F   |F7   |A-   |D7   |G-   |C7   |Fj7   |Fj7   ||

F-maj,4/4,||G-7   |C7   |F6   |A- Abj7 |Gj7   |Gb-7   |F6   |F#o   ||

Eb-maj,4/4,||Eb7   |Bb7   |Eb7   |Eb7   |Bb7   |Bb7   |Eb7   |C-7   |F-7   |Bb7   |Eb7   |Bb7   ||

D-min,4/4,||D-7   |D-7   |E-7   |A7   |F7   |F7   |Bbm7b5   |Bb-6   |F/A   |D-7   |G-7   |C7   |Fj7   |F#o7   |G-7   |Em7b5 A79# ||

Eb-maj,4/4,||Eb7   |Eb7   |Eb7   |Eb7   |Eb7   |Eb7   |Eb7   |Eb7   |Ab7   |Ab7   |Ab7   |Ab7   |Eb7   |Eb7   |Eb7   |Eb7   |Bb7   |Bb7   |Bb7   |Bb7   |Eb7   |Eb7   |Eb7   |Eb7   ||

Eb-min,4/4,||Eb-79   |Eb-79   |F7   |F7   |E7   |E7   |Eb-79   |Eb-79 Bb7 ||

Db-maj,4/4,||Db Bb7 |Eb-7 Ab7 |F-7 Bb-7 |Eb-7 Ab7 |Ab-7 Db7 |Gb7 B7 |F-7 Bb-7 |Eb-7 Ab7 ||

Db-maj,4/4,||Eb- D7 |Fb-7 D7 |Dbj7 Eb-7 |F-7 Eo |Eb-7   |C-7 B7 |Bb-7 Eb-7Ab7|Dbj7 F-7Bb7||

Bb-maj,4/4,||Bb7   |Bb7   |Bb7   |Bb7   |Eb7   |Eb7   |Bb7   |G7   |C-7   |F7   |Bb7   |F7   ||

C-maj,4/4,||C   |C   |G7   |C   |C   |C   |G7   |C   ||

C-min,4/4,||C- C-/Bb |Ab G7 |C- C-/Bb |Ab G7 |C- C-/Bb |Ab G7 |C- C-/Bb |Ab G7 ||

Bb-maj,4/4,||Bb   |Bb   |Bb   |Bb   |Bb   |Bb   |Bb   |Bb   ||

Bb-maj,4/4,||Bbj7   |Bbj7   |Bo   |Bo   |C-7   |F7   |Bbj7   |F7   ||

Eb-maj,4/4,||Ab7   |Ab7   |Ab7   |Ab7   |Eb6   |Eb6   |Eb6   |Eb6   |Ab7   |Ab7   |Ab7   |Ab7   |Eb6   |Eb6   |Eb6   |Eb6   ||

Ab-maj,4/4,||Ab   |Ab   |Ab   |F-7   |Bb-7   |Eb7   |Ab Eb7 |Ab   ||

Eb-maj,4/4,||Eb   |Eb   |Eb   |Eb   |Eb   |Eb Ab |Eb   |Eb   |Bb7   |Bb7 D7 |Eb   |Eb   |F7   |F7   |Bb7   |Bb7   ||

Eb-maj,4/4,||Eb Eo7 |F-7 D7/F# |Eb6 C-7 |F7   |Eb6 C-7 |G-7 C79 |F7 Bb79 |Eb6 F-7Bb79||

Bb-maj,4/4,||Bb   |Bb   |Bb7   |Bb7   |Eb   |Eb   |Bb   |Bb   |F7   |C-6 D7 |G-   |Bb-6   |F   |C7   |F7   |F7   ||

Eb-maj,4/4,||Eb   |D7   |Eb   |C+7 C7 |F7   |Bb7   |Eb   |Bb7   ||

Bb-maj,4/4,||Bb   |D7   |G7   |G7   |C7   |F7   |Bb Bbo |C-7 F7 ||

G-maj,4/4,||G   |G   |A7   |A7   |D7   |D7   |G   |G  D7||

F-maj,4/4,||F   |F   |F   |C7   |F   |Bb Bb- |F   |G7C7F |F   |F   |F   |C7   |F   |Bb Bb- |F   |G7C7F ||

F-maj,4/4,||F   |C   |F   |C   |F   |F   |C   |Bb   |F   |C   |F   |C   |F   |C   |F   |F   ||

C-maj,4/4,||C7   |F7   |C7   |C7   |F7   |F7   |C7   |C7   |G7   |F7   |C7   |G7   ||

Ab-maj,4/4,||Bb7   |Eb7   |Ab   |Ab Abo |Eb7   |Eb7   |Ab   |Ab   |Bb7   |Eb7   |Ab   |Ab G7Gb7|F7   |Bb-   |Bb7 Eb7 |Ab   ||

F-maj,4/4,||C   |C   |E7   |E7   |A-   |A-   |C7   |C7   |F   |F-   |C   |A7   |D7   |D7   |G7   |G7   ||

G-maj,4/4,||G   |C C#o |G/D   |G7   |C   |C   |G   |G   |D7   |D7   |G C7 |G D7 ||

Bb-maj,4/4,||Bb7   |Eb7   |Bb7   |Bb7   |Eb7   |Eb7   |Bb7   |G7   |C-7   |F7   |Bb7   |F7   ||

F-maj,4/4,||Fj7   |Em7b5 A7 |D-7 G7 |C-7 F7 |F-7 Bb7 |Am7b5 D7 |G7   |C7   ||

Bb-maj,4/4,||Bb7   |Bb7   |Bb7   |Bb7   |Bb7   |Bb7   |Bb7   |Bb7   |Eb7   |Eb7   |Eb7   |Eb7   |Bb7   |Bb7   |Bb7   |Bb7   |C-7   |C-7   |F7   |F7   |Bb7   |Bb7   |Bb7   |Bb7   ||

F-maj,4/4,||F6   |F6   |Db7   |D7   |G-7   |C7   |F6   |G-7 C7 ||

C-min,4/4,||C-6   |Dm7b5 G7 |C-6   |Asus7 A7 |Absus7 Ab7 |G79#   |C-   |G79#   ||

Ab,4/4,||Ab   |Bb/Ab C/Ab |Gb/Bb Eb/G |C/Ab F-/Ab |Absus  Aj7911#/Ab|Ab79b13 Db-69/AbDb-69/Db|Gbsus7913 Eb-7911E-7911|Dbsus7913  G79#13|C-7911 G7913 |C-7911 G7913 |Eb-j7 Bb79# |Eb-j7 D+79# |G-7911 D+79# |G-7911 G+79# |C-7911 G7913 |C-7911 G7913 |Eb-j7 Bb79# |Eb-j7 D+79#  ||

G-min,4/4,||G-7   |G-7   |G-7   |G-7   |G-7   |G-7   |G-7   |G-7   |C-7   |C-7   |C-7   |C-7   |G-7   |G-7   |G-7   |G-7   |Eb7   |Eb7   |D7   |D7   |G-7   |G-7   |G-7   |G-7   ||

Ab-maj,4/4,||F-7   |C79#   |F-7   |F79b   |Bb-7   |F79#   |Bb-7   |Bb-7   ||

Bb-maj,4/4,||Bb7   |Eb7   |Bb7   |F-7 Bb7 |Eb7   |Eb7   |Bb7   |G7   |C-7   |F7   |Bb7   |F7   ||

F-maj,4/4,||E7alt   |E7alt   |Fj7   |Fj7   |E7alt   |E7alt   |Ebj7911#   |Ebj7911#   |D7   |Ebj7911#   |E7   |Fj7 Ebj7 |D-79   |G7   |G-7   |Gb7   ||

F-maj,4/4,||Fsus7   |Bbsus7   |Fsus7   |Fsus7   |Bbsus7   |Bbsus7   |Fsus7   |Fsus7   |Csus7   |Bbsus7   |Fsus7   |Fsus7   ||

C-maj,4/4,||C7   |F7   |C7   |C7   |F7   |F7   |C7   |E-7 A7 |D-7   |G7   |C7   |D-7 G7 ||

F-maj,4/4,||F79#   ||

F-maj,4/4,||F79#   ||

Bb-maj,4/4,||Bbj7 G7 |C-7 F7 |Bbj7 G7 |C-7 F7 |F-7 Bb7 |Ebj7 Eb-6 |Bbj7 G7 |C-7 F7 ||

Bb-maj,4/4,||Bbj7 G7 |C-7 F7 |Bbj7 G7 |C-7 F7 |F-7 Bb7 |Ebj7 Eb-6 |Bbj7 G7 |C-7 F7 ||

D-maj,4/4,||D-   |D-   |D-   |D-   |D-   |D-   |D-   |D-   ||

Bb-maj,4/4,||Bb7   |Eb7   |Bb7   |Bb7   |Eb7   |Eb7   |Bb7   |D-7 G7 |C-7   |F7   |Bb7   |C-7 F7 ||

D-maj,4/4,||E-7   |A7   |Dj7   |Dj7   |D-7   |G7   |Cj7   |Cj7   |C-7   |F7   |Bbj7   |Ebj7   |E-7   |F7   |Bbj7   |E-7 A79# ||

Bb-maj,4/4,||Bb7   |Eb7   |Bb7   |Bb7   |Eb7   |Eb7   |Bb7   |G79b   |C-   |F7   |Bb7 G79b |C-7 F7 ||

F-maj,4/4,||F7   |Bb7   |F7   |F7   |Bb7   |Bb7   |F7   |A-7 D7 |G-7   |C7   |F7   |G-7 C7 ||

Ab-maj,4/4,||F-7   |Bb-7   |Eb7   |Abj7   |Dbj7   |G7   |Cj7   |Cj7   ||

F-maj,4/4,||F7   |Bb7   |F7   |F7   |Bb7   |Bb7   |F7   |F7   |G-7   |C7   |F7   |C7   ||

C-maj,4/4,||Cj7 A-7 |Abj7 Db7 |Cj7 Eb7 |D7 Db7 |Cj7 A-7 |Abj7 Db7 |Cj7 Bb7 |Ab7 Gb7 ||

C-maj,4/4,||Cj7D-7D#oE-7|E-7   |A7   |A7   |D-7   |G7   |C   |G7   ||

C-min,4/4,||C-7   |Dm7b5 G7 |C-7   |Dm7b5 G7 |C-7   |Dm7b5 G7 |C-7   |Dm7b5 G7 ||

C-maj,4/4,B1: ||F6   |Eb-7 Ab7 |Dbj7   |Gm7b5 C7 |F-7 Dm7b5 |Gm7b5 C7 |F-6   |Dm7b5 G7 ||

G-min,4/4,||D79b   |D79b   ||

F-min,4/4,||F-7   |F-7   |F-7   |F-7   |F-7   |F-7   |G7   |C7   |F-7   |F-7   |F-7   |F-7   |F7   |Bb7   |G7 C7 |F-7   ||

Ab-maj,4/4,||Bb-7   |B-7 E7 |Bb-7   |B-7 E7 |Aj7   |Ab7   |Gj7   |Gb7   ||

F-maj,4/4,||F-7   |Bb-7   |Eb7   |Abj7   |Dbj7   |G7   |Cj7   |Cj7   |C-7   |F-7   |Bb7   |Ebj7   |Abj7   |D7   |Gj7   |Gj7   ||

Bb-maj,4/4,||Bb7 NC |Eb7   |Bb7   |Bb7   |Eb7   |Eb7   |Bb7   |G7   |C-7   |F7   |Bb7   |Bb7   ||

C-min,4/4,||C-7   |G79b   |C-7   |Asus7   |Ab7   |G79b   |C-7   |C-7   ||

G-min,4/4,||G-   |G-   |G-   |G-   |G-   |G-   |G-   |G-   |C-7   |C-7   |C-7   |C-7   |G-   |G-   |G-   |G-   |Eb7   |Eb7   |D7   |D7   |G-   |G-   |G-   |G-   ||

Bb-maj,4/4,||Bb   |Bb   |A-7   |D7   |G-   |G-   |G-7   |C7   |C-7   |F7   |D-   |G-   |E-7   |E-7   |D   |F7   |F7   |F7   |A-7   |D7   |G-   |G-   |G-7   |C7   |C-   |F7   |D-   |G7   |C-7   |F7   |Bb   |C-7   ||

Bb-maj,4/4,||Bb   |Bb   |A-7   |D7   |G-   |G-   |G-7   |C7   |C-7   |F7   |D-   |G-   |E-7   |A7   |D   |F7   ||

C-min,4/4,||C-6   |Dm7b5 G79b |C-6   |Dm7b5 G79b |C-6   |Gm7b5 C79b |F-7   |F-7   |A-7 D7 |F-7 Bb7 |Ebj7   |Dm7b5 G7 |Cj7   |Dm7b5 G7 ||

F-maj,4/4,||F7   |Bb7   |F7   |F7   |Bb7   |Bb7   |F7   |A-7 D7 |G-7   |C7   |F7 D7 |G-7 C7 ||

Ab-maj,4/4,||Abj7   |Abj7   |Bb-7   |Eb7   |Abj7   |F-7   |Bb-7   |Eb7   |C-7   |F7   |Bb-7   |Eb7   |Abj7   |F-7   |Bb-7   |D-7 G7 ||

F-min,4/4,||Gm7b5   |C79b   |F-7   |F-7   |Bb-7   |Eb7   |Abj7   |Abj7   |Gm7b5   |C7   |F-7   |F-7   |Dm7b5   |G79b   |C79b   |C79b   ||

F-min,4/4,||Gm7b5   |C79b   |F-7   |F-7   |Bb-7   |Eb7   |Abj7   |Abj7   |Gm7b5   |C7   |F-7   |F-7   |Dm7b5   |G79b   |C79b   |C79b   ||

Ab-maj,4/4,||Ab   |Db7   |C-7   |C-7 F7 |Bb7   |Eb7   |Eb-7   |Ab7   ||

D-min,4/4,||D-6   |Eb7   |D-6   |Eb7   |D-6   |Em7b5 A7 |D-6   ||

G-maj,4/4,||G7   |C7 C#o7 |G7   |G7   |C7   |C7   |G7   |B-7 Bbo |A-7   |D7   |G7 C7 |D7   ||

G-maj,4/4,||Gj7   |Gj7   |G-7   |C7   |Fj7   |Fj7   |F-7   |Bb7   |Ebj7   |Am7b5 D7 |G-7   |G-7   |G79   |Cj7   |B-7 Bb7 |A-7 D7 ||

F-maj,4/4,||D-7   |D-7   |E-7   |A7   |F7   |F7   |Bm7b5   |Bb-6   |F/A   |Ab7   |G-7   |C7   |F6   |F#o   |G-7   |Em7b5 A79# ||

C-maj,4/4,||A-6   ||

F-maj,4/4,||Fj7   |Fj7   |Em7b5   |A79b   |D-7   |Bm7b5   |E7   |A7   ||

Bb-maj,4/4,||Bbj7 G-7 |C-7 F7 |Bbj7 G-7 |C-7 F7 |Bbj7 Bb7 |Eb7 Ab7 |Bbj7 G-7 |C-7 F7 ||

F-maj,4/4,||Fj7   |Fj7   |Fj7   |Fj7/A Abo7 |G-7   |C7   |F6 D7 |G-7 C7 ||

F-maj,4/4,||G-7 C7 |G-7 C7 |G-7 C7 |G-7 C7 |F6 D-7 |G-7 C7 |F6   |A-7 D7 ||

Bb-maj,4/4,||Bbj7   |Bo7 G7 |C-7   |Dbo7   |Bbj7   |Am7b5 D79b |Ebj7   |Dm7b5 G7 |C-7   |Em7b5 A79b |Bbj7 Ab7911 |G7   |C7   |C7   |C-7   |F79   ||

Eb-maj,4/4,||Eb7   |Ab7   |Eb7   |Eb7   |Ab7   |Ab7   |Eb7   |D-7 G7 |C-7   |F7   |Eb7 C7 |F-7 Bb7 ||

Bb-maj,4/4,||Bbj7 G7 |C-7 F7 |Bbj7 G7 |C-7 F7 |F-7 Bb7 |Ebj7 Eb-6 |Bbj7 G7 |C-7 F7 ||

Bb-maj,4/4,||C-7 F7 |C-7 F7 |Bb   |Bb   |C-7 F7 |C-7 F7 |Bb   |Bo   ||

Db-maj,4/4,||Eb-7 Bb79b |Eb-7 D7 |Dbj7 Gb7 |F-7 Eo7 |Eb-7   |Cm7b5 F7 |Bb-7Eb7Eb-7Ab7|Db6 Bb7 ||

Bb-maj,4/4,||Bb7   |Eb7   |Bb7   |Bb7   |Eb7   |Eb7   |Bb7   |D-7 G7 |C-7   |F7   |Bb7   |F7   ||

G-maj,4/4,||G-   |G-   |D7   |D7   |D7   |D7   |G-   |G- D7 ||

Ab-maj,4/4,||F7   |F7   |F7   |F7   |Bb7   |Bb7   |Bb7   |Bb7   |Eb7   |Eb7   |Eb7   |Eb7   |Ab6   |Bb-7 Eb7 |Ab6   |Gm7b5 C7 ||

Ab-maj,4/4,||F7   |F7   |F7   |F7   |Bb7   |Bb7   |Bb7   |Bb7   |Eb7   |Eb7   |Eb7   |Eb7   |Ab6   |Bb-7 Eb7 |Ab6   |Gm7b5 C7 ||

Bb-maj,4/4,||Bb6   |Bb6   |Eb79   |Eb79   |C7   |C-7 F7 |Bb6 G7 |C-7 F7 ||

Bb-maj,4/4,||Bb D7 |G7   |C7   |C7   |F7 F#o |G-   |C7   |F7   ||

F-maj,4/4,||FF7BbBb-|F   |D- A7 |D- F7 |Bb A7Ab7|G7 C7 |F   |F C7 ||

Ab-maj,4/4,||Db7   |Db7   |Db7   |Db7   |Bb7   |Bb7   |Bb7   |Bb7   |Ab   |Ab   |C7   |F-7   |Bb7   |Bb7   |Eb7   |Ab7   ||

Bb-maj,4/4,||Bb7   |Eb7   |Bb7   |Bb7   |Eb7   |Eb7   |Bb7   |Bb7   |F7   |F7   |Bb7 Eb7 |Bb7 F7 ||

G-min,4/4,||G- D7 |G- D7 |G- D7 |G- G7 |C-   |C-   |Am7b5   |D7   ||

Ab-maj,4/4,||F-7   |C79#   |F-7   |F79b   |Bb-7   |F79#   |Bb-7   |Bb-7   ||

Bb-maj,4/4,||Bb7   |Eb7   |Bb7   |Bb7   |Eb7   |Eb7   |Bb7   |Bb7   |F7   |Eb7   |Bb7   |F7   ||

Bb-maj,4/4,||Bb7   |Eb7   |Bb7   |Bb7   |Eb7   |Eb7   |Bb7   |Bb7   |C-7   |F7   |Bb7   |Bb7   ||

Bb-maj,4/4,||Bb7   |Eb7   |Bb7   |Bb7   |Eb7   |Eb7   |Bb7   |D-7 G7 |C-7   |F7   |Bb7   |F7   ||

G-maj,4/4,||Gj7   |G6   |Gj7   |G6   |G-7   |G-6   |G-7   |G-6   |Am7b5   |D7   |Bm7b5   |E7   |A-7   |D7   |Gj7   |Gj7   ||

G-maj,4/4,||G7   |C7   |G7   |C7   |G7   |C7   |G7   |C7   |G7   |C7   |G7   |C7   |G7   |C7   |G7   |C7   |G7   |C7   |G7   |C7   |G7   |C7   |G7   |C7   |G7   |C7   |G7   |C7   |G7   |C7   |G7   |C7   |G7   |C7   |G7   |C7   |G7   |C7   |G7   |C7   |G7   |C7   |G7   |C7   |G7   |C7   |G7   |C7   |G7   ||

G-maj,4/4,||G7   |C7   |G7   |C7   |G7   |C7   |G7   |C7   |G7   |C7   |G7   |C7   |G7   |C7   |G7   |C7   |G7   |C7   |G7   |C7   |C7   |C7   |G7   |C7   |G7   |C7   |G7   |C7   |G7   |C7   |G7   |C7   |G7   |C7   |G7   |C7   ||

C-maj,4/4,||C69   |E-7 A7 |D-7 G7 |C69   |C69   |E-7 A7 |D-7 G7 |C69   ||

C-maj,4/4,||C69   |E-7 A7 |D-7 G7 |C69   |C69   |E-7 A7 |D-7 G7 |C69   ||

Bb-maj,4/4,||Bb7   |Bb7   |Bb7   |Bb7   |Eb7   |Eb7   |Bb7   |Bb7   |C-7   |F7   |Bb7   |Bb7   ||

C-maj,4/4,||C   |F   |G7   |C   |A7   |D-7   |G7   |C   ||

C-maj,4/4,||C   |F   |G7   |C   |A7   |D-7   |G7   |C   ||

Bb-maj,4/4,||Bb7   |Eb7   |Bb7   |Bb7   |Eb7   |Eb7   |Bb7   |D-7 G7 |C7   |F7   |Bb7   |F7   ||

Bb-maj,4/4,||Bb7   |Eb7 Em7b5 |Bb7   |Bb7   |Eb7   |Eb7   |Bb7   |Bb7 G7 |C-7   |F7   |Bb7 F7 |B7G7C-7F7||

Eb-maj,4/4,||Eb7   |Ab7   |Eb7   |Eb7   |Ab7   |Ab7   |Eb7   |Bb-7 A7 |Ab7   |Bb7   |Eb7   |Eb7 Bb7 ||

Db-maj,4/4,||Eb-7 Bb79b |Absus7 Ab7 |Dbj7 Gb7 |F-7 Eo7 |Eb-7   |Cm7b5 B7 |Bb-7Eb7Eb-7Ab7|Db6 Bb7 ||

Bb-maj,4/4,||C-7   |F7   |Bbj7 Ebj7 |D-7 Db-7 |C-7   |F7   |Bbj7   |C-7   ||

F-maj,4/4,||F7   |F7   |F7 D-7 |G-7 C7 |F7   |F7   |C7   |C7   ||

F-maj,4/4,||F7 C7 |F7   |Bb7   |Bb7   |Bb-7 Eb7 |Bb-7 Eb7 |Ab6   |Bb-7Eb7Ab6C7||

Bb-maj,4/4,||Bb7   |Eb7   |Bb7   |Bb7   |Eb7   |Eb7   |Bb7   |Bb7   |C-7   |F7   |Bb7   |F7   ||

Db-maj,4/4,||Eb-7 Bb79b |Eb-7 D7 |Dbj7 Gb7 |F-7 Eo7 |Eb-7   |Cm7b5 F7 |Bb-7 Eb-7Ab7|Db6 Fm7b5Bb7||

F-maj,4/4,||Fj7   |Fj7   |Bb7   |A-7 Abo7 |G-7   |C7   |F6   |G-7 C7 ||

C#-maj,4/4,||C#j7   |C#j7   |C#-7   |F#7913   |D#-7   |G#7   |F-7 E7913 |Aj7 D79 ||

A-min,4/4,||A-79   |A-79   |G#o7   |G#o7   |G-6   |G-6   |D7/F#   |D7/F#   ||

F-min,4/4,||F-   |F-j7   |F-7   |F-6   |Dbj7   |Bb-7   |Gm7b5   |C79b   ||

F-min,5/4,||F-    |F-    |F-    |F-    |Db7911#    |Db7911#    |F-    |F-    |Gb7911#    |E7911#    |D7911#    |C7alt    ||

Bb-min,4/4,||Bbsus   |Bbsus   |Bbsus   |Bbsus   |Bbsus   |Bbsus   |Bbsus   |Bbsus   ||

F-maj,4/4,||F7   |Bb7   |F7   |F7   |Bb7   |Bb7   |F7   |A-7 D7 |G-7   |C7   |F7   |G-7 C7 ||

F-maj,4/4,||F7   |Bb7   |F7   |F7   |Bb7   |Bb7   |F7   |F7   |G7   |C7   |F7   |C7   ||

Bb-min,3/4,||Bb-   ||

Bb-min,3/4,||Bb-  |Bb-  |Bb-  |Bb-  |Bb-  |Bb-  |Bb-  |Bb-  |Bb-  |Bb-  |Bb-  |Bb-  |Bb-  |Bb-  |Bb-  |Bb-  |Bb-  |Bb-  |Bb-  |Bb-  |Bb-  |Bb-  |Bb-  |Bb-  |Bb-  |Bb-  |Bb-  |Bb-  |Bb-  |Bb-  |Bb-  |Bb-  |Bb-  |Bb-  |Bb-  |Bb-  |Bb-  ||

D-maj,4/4,||D-6   |Em7b5 A79b |D-6   |Em7b5 A79b |D-6   |Am7b5 D79b |G-7   |G-7   |B-7 E7 |G-7 C7 |Fj7   |Em7b5 A7 |Dj7   |Em7b5 A7 ||

Db-maj,4/4,||G-7C7F#-7B7|F-7Bb7E-7A7|Eb-7 Ab7 |B7 Bb7 |Eb7 D7 |Dbj7 Eb7 |Eb-7 Ab7 |F-7E7Eb-7D7||

G-maj,4/4,||A-7   |D-7   |A-7   |D7   |Gj7   |C79   |B-7   |E79b   |A-7   |D79   |Gj7   |B-7 E7 |A-7   |D7   |B-7   |B-7 E79b ||

Eb-maj,4/4,||Ebj7   |F-7 Bb7 |Ebj7 F-7G-7|C7   |F-7   |Bb7   |Eb C7 |F-7 Bb7 ||

Ab-maj,4/4,||D7 G7 |C7 F7 |Bb7 A7 |Ab7 Db7 |Gb7 F7 |Bb7 A7 |Ab7   |G7   |Gb7 F7 |E7 Eb7 |Ab7 G7 |Gb7 F7 |Bb7 A7 |Ab7 Db7 |F#7 B7 |E7 A7 ||

C-min,4/4,||C- Eb7 |Am7b5 Ab7 |C- Ab7 |Dm7b5 G7 |C- Eb7 |Am7b5 Ab7 |Dm7b5 G+7 |C- G+79 ||

F-maj,4/4,||G79   |Csus7913 C7913 |Fj7   |Fj7   |A-7   |D7   |G7   |G-7 C7913 ||

F-maj,4/4,||F7   |Bb7   |F7   |F7   |Bb7   |Bb7   |F7   |A-7 D7 |G-7   |C7   |F7   |C7   ||

C-min,4/4,||C-7NC  |Eb   |C-7   |Eb   ||

F-maj,4/4,||Fj7   |G-7 C7 |A-7   |G-7 C7 |F7   |Bbj7   |G-7 C7 |Fj7   ||

F-maj,4/4,||F   |F7   |A-   |D7   |G-   |C7   |Fj7   |Fj7   ||

F-maj,4/4,||G-   |C7   |F   |A- Abj7 |Gj7   |E79b   |A-   |D- D7 ||

F#-min,4/4,||Gb-7   |Abm7b5 Db7 |Gb-7   |Gb-7   |G7   |G7   |Gb-7   |E-7 A7 |D7   |Db7   |Gb-7   |Db7   ||

F-maj,4/4,||E7alt   |E7alt   |Fj7   |Fj7   |E7alt   |E7alt   |Ebj7911#   |Ebj7911#   |D7   |Ebj7911#   |E7   |Fj7 Eb7 |D-79   |G7   |G-7   |Gb7   ||

F-maj,4/4,||Fsus7   |Bbsus7   |Fsus7   |Fsus7   |Bbsus7   |Bbsus7   |Fsus7   |Fsus7   |Csus7   |Bbsus7   |Fsus7   |Fsus7   ||

C-min,6/4,||C-7     |C-7     |C-7     |C-7     |F-7     |F-7     |C-7     |C-7     ||

C-min,4/4,||C-7   |Dbj7   |C-7   |Dbj7   |C-7   |Dbj7   |C-7   |Dbj7   |E-7911 A+7 |D-7911 G+7 |Am7b5   |Bb-7   |Am7b5   |Bb-7   ||

C-min,4/4,||C-7   |Am7b5 Abj7 |Am7b5 D7 |Dm7b5 G7 |C-7   |Am7b5 Abj7 |Dm7b5 G+7 |C-7 G7 ||

F-maj,4/4,||G7   |G-7 C7 |Fj7   |Fj7   |Am7b5   |D7   |G7   |G-7 C7 ||

Eb-maj,4/4,||Ebj7 Eo7 |F-7 Bb7 |Ebj7 Ab79 |Gm7b5 C7 |F- C+7 |F-7 Bb7 |G7 C7 |F-7 Bb7 ||

G-min,4/4,||G-7911   |G-7911   |G-7911   |G-7911   |C-7911   |C-7911   |G-7911   |G-7911   |A7   |D7   |G-7911   |G-7911   ||

F-maj,4/4,||F7   |F7   |F7   |F7   |F7   |F7   |F7   |F7   |F7   |F7   |F7   |F7   |F7   |F7   |F7   |F7   ||

F-maj,4/4,||F7   |Bb7   |F7   |F7   |Bb7   |Bb7   |F7   |A-7 D7 |G-7   |C7   |F7   |C7   ||

C-maj,4/4,||Dm7b5 Db7 |Cj7   |Dm7b5 Ab7 |G7   |Cj7   |Cj7   |G-7   |C7   ||

C-maj,4/4,||C79b   |C79b   |C79b   |C79b   |C79b   |C79b   |C79b   |C79b   |C79b   |C79b   |C79b   |C79b   |F-   |F-   |F-   |F-   ||

Bb-maj,4/4,||Bbj7   |Bbj7   |F-7   |Bb7   |Ebj7   |Ebj7   |Ab7   |Ab7   |Bbj7   |G-7   |C7   |C7   |C-7   |Bo   |C-7   |F+7   ||

Bb-maj,4/4,||Bbj7   |Bbj7   |F-7   |Bb7   |Ebj7   |Ebj7   |Ab7   |Ab7   |Bbj7   |G-7   |C7   |C7   |C-7   |Bo   |C-7   |F+7   ||

G-min,4/4,||G-7   |Eb79 D79b |G-7   |Eb79 D79b |G-6   |Eb7 D79# |G-7   |Eb7 D79# ||

Db-maj,4/4,||Fm7b5   |Bb79b   |Eb-7   |Ab7   |Dbo7 Db6 |Dbj7   |Db-7   |Gb7   ||

B-maj,4/4,||Bj7   |Bj7   |F-7 Bb7 |Eb-7 Ab7 |Db-7   |Db-7   |Gb7   |E-   |Eb-7   |D-7 G79 |D-7   |Bb-7 Eb7 |Ab-7   |Db79   |Db-7   |Gb7   ||

Ab-maj,4/4,||F-7   |Bb-7   |Eb7   |Abj7   |Dbj7   |D-7 G7 |Cj7   |Cj7   ||

Ab-maj,4/4,||Abj7   |Abj7   |Abo7   |Abo7   |Bb-7   |Bb-7   |Bbm7b5   |Eb79b   |Abj7   |Ab-7   |C7alt   |F79b   |Bbm7b5   |Bbm7b5   |Bbm7b5   |Eb79b   ||

Ab-maj,4/4,||Abj7   |Abj7   |Abo7   |Abo7   |Bb-7   |Bb-7   |Bbm7b5   |Eb79b   |Abj7   |Ab-7   |C7911#   |F79b   |Bbm7b5   |Bbm7b5   |Bbm7b5   |Eb79b   ||

Bb-maj,4/4,||Bb7   |Eb7   |Bb7   |Bb7   |Eb7   |Eb7   |Bb7   |D-7 G7 |C-7   |F7   |Bb7   |C-7 F7 ||

D-maj,4/4,||Em7b5   |A7   |Dj7   |Dj7   |Em7b5   |A7   |Dj7   |Dj7   |G#m7b5   |G-7   |F#-7   |Fo7   |E-7   |A7   |Dj7   |Dj7   ||

D-maj,4/4,B1: ||Fj7   |Fj7   |Dj7   |Dj7   |Fj7   |Fj7   |Dj7   |Dj7   ||